content;length
If you try to kill -9 Haar's programs, it backfires.;10
"CNN was originally created as the ""Haar Network"" to update Daeins with on-the-spot ass kicking in real-time.";17
Haar does not own a house. He flys into random houses and people move.;14
Haar doesn't need an account. He just logs in.;9
The easiest way to determine Haar's age is to cut him in half and count the rings.;17
Ghosts are actually caused by Haar killing people faster than Death can process them.;14
Haar can write to an output stream.;7
Haar once rode a bull, and nine months later it had a calf.;13
Haar plays racquetball with a waffle iron and a bowling ball.;11
Haar plays racquetball with a waffle iron and a bowling ball.;11
